r_c_wesel AndreBerlinDE Leopoldina sattelberger Dummes Geschw√§tz	OFFENSE	OFFENSE
BorisTiger1 dieLinke Das ist echt krass	OFFENSE	OFFENSE
Im Mai 1945 kapitulierte Nazi-Deutschland Der Deutsche Vernichtungskrieg kostete 60 Mio Menschenleben Im Mai 2020 sitzen wieder Rechte im Parlament Sie wollen der Opfer gedenken ‚Äì aber vor allem der deutschen Meine Absage im Bundestag an die noAfD	OFFENSE	OFFENSE
Guten Morgen Deutschland alle die anderer Meinung sind waren gestern noch Nazi und sind heute Verschwoerungstheoretiker Ich nenne es Zensur vom Mainstream und den Altparteien	OFFENSE	OFFENSE
georgrestle Zu fr√ºh gefreut Sie von GEZ Zwangsgeb√ºhren finanzierter M√∂chtegern Journalist	OFFENSE	OFFENSE
In Aalst-Belgien werden Juden im Karnevalsumzug als Ungeziefer verh√∂hnt als geldgierig und korrupt Julius Streicher h√§tte seine helle Freude gehabt Wo sind die Anst√§ndigen Wir m√ºssen aufstehen AUFSTEHEN 	OFFENSE	OFFENSE
Meine neue Video-Kolumne √úber Erdogans Krieg an der Seite islamistischer Terrorbanden deutsche Humanit√§tsheuchler und die dringende Notwendigkeit die Sanktionen gegen Syrien aufzuheben und die syrische Bev√∂lkerung beim Wiederaufbau zu unterst√ºtzen 	OFFENSE	OFFENSE
Wer G√§ste einl√§dt muss auch daf√ºr zahlenGr√ºne fordern immer mehr Migranten f√ºr DeutschlandDer Gesellschaft die Kosten und Lasten aufdr√ºcken f√ºr die man selber nicht einstehen m√∂chte ist eben typisch f√ºr die Gr√ºnen Grenze 	OFFENSE	OFFENSE
noafd Diese Leute haben mit ihrer Gesinnung in einem demokratischen Parlament nichts verloren demokratieschuetzen 	OFFENSE	OFFENSE
Unter Spahn hat sich der Pflegenotstand weiter versch√§rft 120000 Fachkr√§fte fehlen ‚Äì es ist eine Schande wie hilfsbed√ºrftige Menschen und ihre Angeh√∂rigen hierzulande im Stich gelassen werden Dieses Staatsversagen im Gesundheitswesen muss aufh√∂ren	OFFENSE	OFFENSE
anja_mayer Den den man Faschist nennen darf	OFFENSE	OFFENSE
AlexiaStellar spdbt Aber als Faschist als Anti-Demokrat als jemand der Grundrechte einschr√§nken WILL als L√ºgner als Marionette 	OFFENSE	OFFENSE
Und die Wissenschaftsfeinde von der AfD leugnen die Klimakrise im Bundestag munter weiter Irre 	OFFENSE	OFFENSE
Buntland auch in meinem Posteingang hier EIN Beispiel - oder ist‚Äôs ein noch unter Strom stehender Kahanej√ºnger der das hamburg|er Wahlergebnis aufarbeitetAAS IDZ KrfgegenRechts 	OFFENSE	OFFENSE
EinerüßêAlleü•∞Und das jeden Tag neuü§•Einheitsmedien Staatsfunk 	OFFENSE	OFFENSE
_donalphonso 1 Unlustig Voll 2 Doof In Ostafrika ist keine Steppeulfposh petze aber nicht beim Chef	OFFENSE	OFFENSE
HSchaeferIW Stimmt es gibt sehr viele Million√§rss√∂hne die erwerbslos sind und unbedingt in HartzIV leben wollen Richtig gutes lebensnahes Beispiel	OFFENSE	OFFENSE
Beispiele f√ºr geballte‚úä Staatsfunkkompetenzü§™ü•≥Unabh√§ngig objektiv distanziert So ist Journalismus in üá©üá™ leider nichtNazitourette GEZ niewieder niewiederSozialismus 	OFFENSE	OFFENSE
pkbrln AndreasS2904 die_gennburg KLompscher LieblingXhain katjakipping KuehniKev NowaboFM Ralf_Stegner Was f√ºr ein abgehobenes Getue Redest Du immer so	OFFENSE	OFFENSE
Der WDR nutzt das Propaganda-Narrativ von den 'demokratischen Parteien' minus AfD und demonstriert damit einmal mehr sein demokratieaverses Wesen Zu dem Kartell von CDUSPDFDPLINKEGR√úNE mu√ü man nichts mehr sagen das disqualifiziert sich von selbst	OFFENSE	OFFENSE
Was f√ºr ein widerlicher Mensch der Ziemiak Er behauptetKPF wolle die Verfassung abschaffen Es waren die Kommunisten die in den KZs ermordet wurdendie Konservativendie Hitler erm√§chtigtenUns LINKEN geht es um die Verteidigung des Grundgesetzes linke HHWahl nazisraus	OFFENSE	OFFENSE
Der kluge Michael Wolffsohn spricht die unbequeme Wahrheit aus Als ob etwa die muslimische Welt beim Judenmordennicht mit den Hitlerbanden zusammengearbeitet h√§tteSteinmeier Holocaust Israel Islam Iran ARDZDF GEZ Tagesschau Antisemiten NieWieder Shoah ZDF 	OFFENSE	OFFENSE
Volksverpetzer Es gibt sogar Leute die meinen einen Comedian als rechts zu bezeichnen sei faschistisch ü§∑‚Äç‚ôÇÔ∏è 	OFFENSE	OFFENSE
Es gibt keine Fr√ºhpolitisierung und Indoktrination an unseren Schulen glauben Sie Das sei alles ein Hirngespinst der AfD Dann sehen Sie mal hier 	OFFENSE	OFFENSE
+++ Liebe B√ºrgerliche Falls noch nicht geschehen sollten Sie dringend in Hamburg w√§hlen gehen Die AfD braucht jede Stimme Wir sind die einzige Kraft die dem rotgr√ºnschwarzgelben Murks der Linksextremisten noch etwas Einhalt gebieten kann +++nurnochAfD	OFFENSE	OFFENSE
Wenn man die Situation der Kirchen im Osten der Republik ansieht kann man zumindest sehen wohin der Kommunismus der SED nachhaltig gef√ºhrt hat 	OFFENSE	OFFENSE
mimimi noafd NazisRaus HHWahl 	OFFENSE	OFFENSE
In Wirklichkeit bleibt die gro√üe Lockerung des Blutspendeverbots homo- und bisexueller M√§nner aus jensspahn st√∂√üt damit allen betroffenen M√§nnern vor den Kopf und betreibt Augenwischerei butspendeverbot JBrandenburgFDP 	OFFENSE	OFFENSE
Dorfkinder nicht gegen Stadtkinder ausspielen Nicht Ausl√§nder gegen Deutsche Nicht M√§nner gegen Frauen Wir m√ºssen mehr √ºber Gerechtigkeit bei Klima und Gesellschaft reden Kagne Linke 	OFFENSE	OFFENSE
LillyBlaudszun Es ist anscheinend auch so direkt gesagt worden Ich habe mich als B√ºrgermeisterin immer klar von den rechten Idioten abgegrenzt Und das tun die meisten meiner Kolleginnen und Kollegen	OFFENSE	OFFENSE
Das ist verantwortungslos sagt die √Ñrzteschaft v√∂llig zurecht Mir scheint da haben einige Arbeitgeber ordentlich Druck gemacht Nach dem Motto scheiss auf den Infektionsschutz   KBV - AU-Bescheinigung ab Montag nicht mehr per Telefon m√∂glich 	OFFENSE	OFFENSE
tmlvallen novoklar aufstehen_de 20 Millionen Euro sind irrelevant  F√ºr den chronisch Kranken nicht Es gibt n√§mlich Menschen die gar keine Leistungen in Anspruch nehmen andere aber sehr viele Von daher k√∂nnen Sie pro Kopf in der Pfeife rauchen	OFFENSE	OFFENSE
zec0 Teilzeitpanda So ein Quatsch Und wie erkl√§rst Du dass die gr√∂√üte Stadt Deutschlands Berlin und Gro√üst√§dte wie Leipzig Dresden Halle o Rostock bisher keine F√§lle haben	OFFENSE	OFFENSE
Altparteienstaat2020 schwuppsderJobweg	OFFENSE	OFFENSE
HaraldMatschke MonikaHerrmann1 FabioDeMasi OlafScholz OliverSchroem B_Strunz CSalewski NDRrecherche MarcusCJung GrueneBundestag Eindeutig verboten und kriminell 	OFFENSE	OFFENSE
Wir erschiessen sie nicht die Reichen wir setzen sie f√ºr n√ºtzliche Arbeit einZitat Genosse ‚Å¶b_riexinger‚Å© Vorsitzender ‚Å¶dieLinke‚Å©In den Arbeitslagern ihrer stalinistischen Vorg√§nger fanden Hunderttausende Andersdenkende  den Tod‚Å¶AfDimBundestag‚Å© 	OFFENSE	OFFENSE
Die CDU ist doch nicht mehr CDU sondern SED mit der Staatsratsvorsitzenden Merkel 	OFFENSE	OFFENSE
Die Dreistigkeit mit der sich die ReicheErschiessen-Partei als demokratisch etikettiert ist h√∂chst unappetitlichGanz Deutschland wei√ü dass sie keine Demokraten sind sondern Sozialisten die √ºber Revolution Massenmord und Arbeitslager diskutierenNieWiederSozialismus 	OFFENSE	OFFENSE
Kommunismus = Holodomor SED = Mauermord Mord war immer eine Option f√ºr Stalinisten von dieLinke Sinnvolle Arbeit f√ºr Reiche b_riexinger meint Gulag Die verbrecherischen Ziele von die Linke liegen offen Unterst√ºtzt CDU das in Thueringen 	OFFENSE	OFFENSE
Ist doch alles Unfug Maskenpflicht und Freiheit 	OFFENSE	OFFENSE
Das ist Deutschland heuteAlles Nazi was nicht pa√ütüôÑKrfgegenRechts 	OFFENSE	OFFENSE
Maas und Merkel d√ºrfen sich nicht mit Mafiamethoden erpressen und in einen Krieg hineinziehen lassen Jetzt ist rasche humanit√§re Hilfe vor Ort gefragt - aber keine Sch√ºtzenhilfe f√ºr das Erdogan-Regime das f√ºr die Fl√ºchtlinge mit verantwortlich ist 	OFFENSE	OFFENSE
ullrich001 spd_fraktion_nw AfD_FraktionNRW Bildlich gesprochen um das Parlament vor einer wahnhaft eingebildeten Gefahr zu retten wollen sie es niederbrennen Ausnahmsweise einmal angemessen ist daher hier die Einordnung als geistige Brandstifter	OFFENSE	OFFENSE
Staatsknete abgreifen Parlamente SCHW√ÑCHEN aus der Strategie der Linken 	OFFENSE	OFFENSE
JamesTiti3 Geh woanders hetzen und beleidige Dich einfach selbst	OFFENSE	OFFENSE
Und die j√§hrlich hoch zweistellig verschwendeten EU- und Asyl/Sozial-Migranten-Milliarden w√ºrden ausreichen alle Rentner hierzulande auf Beamtenniveau zu hieven 	OFFENSE	OFFENSE
Der Bundestag h√§lt mit den Stimmen von CDUCSU  SPD an der Diskriminierung schwuler + bisexueller M√§nner sowie transgeschlechtlicher Menschen bei der Blutspende fest Falsch und entt√§uschend gerade in diesen Zeiten Wir werden da aber nicht locker lasen 	OFFENSE	OFFENSE
Guten Morgen Deutschland Faszinierend wie schnell der deutsche vergisst Bitte immer dran denken die Linke ist die SED und bodoramelow ist Kommunist	OFFENSE	OFFENSE
Ein echtes Gesetz f√ºr die Tonne der M√ºll den die neue Bon-Pflicht an einer Kasse in der Mensa des Bundestages in wenigen Stunden produziert Umweltschutz allesnurPropaganda 	OFFENSE	OFFENSE
1/ Erst Lobby der Autokonzerne nun Aufsichtsrat der DeutscheBank Alles was in der Krise steckt und knietief in Gerichtsprozessen ist potenzieller Arbeitgeber Deutsche Bank holt Gabriel nicht weil er so viel vom Bankgesch√§ft versteht	OFFENSE	OFFENSE
Ausgerechnet am Breitscheidplatz d√ºrfen sich diese Typen unbehelligt austoben Auf der Route des Todes ganz nah an den Morden des islamischen Terroristen AnisAmriWann wird gegen diesen Irrsinn von Regierungen der Altparteien von Polizei und Justiz vorgegangen 	OFFENSE	OFFENSE
Wer kann gleichzeitig B√∂cke schie√üen und B√§ren aufbinden Wetten da√ü sich bei Annalenas Luftbr√ºcke bei Ankunft an der dt Grenze 95% als minderj√§hrig herausstellen Sobald sie f√ºr alle Neuank√∂mmlinge Kita/Schulpl√§tze und Wohnraum hat und bezahlt kann sie sich wieder melden 	OFFENSE	OFFENSE
Niveau albanischer H√ºtchenspieler Maut-Aff√§re bringt Scheuer bei Lanz in Bedr√§ngnis 	OFFENSE	OFFENSE
Wer es seit Erfurt nicht begriffen hat dem ist nicht mehr zu helfen Der linksradikale Mob besch√§digt gemeinsam mit den Staatsmedien ARDZDF unsere freiheitliche DemokratieCDU FDP knicken ein Bahn frei f√ºr Ramelow den zynischen Stalin-VerharmloserUnertr√§glich 	OFFENSE	OFFENSE
SabineLeidig voglerk Waren wieder AfD Abgeordnete an Bord Die wie pubertierende Kinder die Regeln brechen wollen	OFFENSE	OFFENSE
Jetzt mal ehrlich liebe FrauenWollt Ihr wirklich nur die Quotenfrau sein Habt Ihr so wenig Selbstbewusstsein Soll nicht die Kompetenz z√§hlen sondern drohende Strafen f√ºr die Firmen Das ist keine Emanzipation das ist schlicht armselig	OFFENSE	OFFENSE
Bei der Union stehen ganze Scheunentore zu Nazis offen - aber sie merken es vor lauter Abwehrkf gegen den Kommunismus in Th√ºringen nicht mal mehr CDU Merkel AKKR√ºcktritt 	OFFENSE	OFFENSE
PhilHackemann larsklingbeil Wow pure WissenschaftWenn das die politische Logik der FDP ist wundert es mich nicht wenn sie bald in der Versenkung verschwinden	OFFENSE	OFFENSE
Die Energiewende tr√§gt nicht die Fr√ºchte die sich die Politiker der Altparteien erhofft hatten Sie s√§gt vielmehr an dem dicken Ast auf dem hunderttausende Mitarbeiter der Automobilbranche sitzen Daimler will mehr Stellen streichen als geplant	OFFENSE	OFFENSE
K√ºhnert SPD attackiert Brandner AfD mit einer glatten L√ºge - so sind sie halt die Nachwuchssozisüë∂üôÑ	OFFENSE	OFFENSE
Der Uraltslogan freie Fahrt f√ºr freie B√ºrger entfaltet bis heute seine Wirkung Und CDU/CSU haben Panik vor der AfD und dem Zorn geschwindigkeitsbegeisterter M√§nner 	OFFENSE	OFFENSE
Das ist doch verr√ºckt Da wird mit Pauken und Trompeten DSGVO eingef√ºhrt und dennoch helfen die Beh√∂rden in N√ºrnberg der AfD ihre Propaganda an 18-J√§hrige zu verschicken Diesem Treiben muss ein Riegel vorgeschoben werden NoAfD Bayern Kommunalwahl 	OFFENSE	OFFENSE
V√∂lliger Realit√§tsverlust bei c_lindner Es waren die Gesinnungsgenossen eines Ramelow die KemmerichThL und seine Familie bedroht habenEs sind dessen Gesinnungsgenossen die Massenmord und Arbeitslager f√ºr Reiche diskutieren Diesen Leuten biedert sich Lindner an PFUI 	OFFENSE	OFFENSE
Mit der finanztransaktionssteuer statt Spekulanten Kleinsparer und Rentenvorsorgende treffen und dann bei den kriminellen CumEx Machenschaften der ganz Gro√üen aktiv zur Seite schauen Gelebte Sozialdemokratie im BMF_Bund durch OlafScholz  	OFFENSE	OFFENSE
SaskiaLudwig17 Ich frage mal bei der ostkurve nach ob es wie beim letzten Mal l√§uft Die Kohle geht dann wieder an den Antifa eV Alles f√ºr den guten Zweck	OFFENSE	OFFENSE
Bananenschnabel Das ist Quatsch	OFFENSE	OFFENSE
Der Staat hat seine schwarze Null auf Kosten der arbeitenden Bev√∂lkererung erwirtschaftet Durch Niedrigl√∂hne und hohe Abgaben in zehn Jahren Aufschwung Jetzt will Gabriel die Mittelschicht noch mal schr√∂pfen Das ist nicht sozial das ist das Gegenteil 	OFFENSE	OFFENSE
Klar Wenn man den Ostdeutschen nur besser erkl√§rt h√§tte warum ihre Biografien massenhaft entwertet ihr bisheriges Leben oft einfach in die Tonne gekloppt und viele ihrer Rentenanspr√ºche nicht anerkannt wurden w√§re heute alles viel besser Endlich sagt es mal einer ü§¶‚Äç‚ôÇÔ∏èü§¶‚Äç‚ôÇÔ∏èü§¶‚Äç‚ôÇÔ∏è 	OFFENSE	OFFENSE
Trainer entlassen Spieler vergraulen alles auf den Kopf stellen und dann hinschmei√üen Dieses Verhalten ist emp√∂rend und unverantwortlich Es zeigt dass kurzfristige Entscheidungen durch Investoren im Sport verantwortungsvolle Vereinsf√ºhrung nicht ersetzen k√∂nnen Klinsmann	OFFENSE	OFFENSE
F√ºr diese Frage wurde ich von focusonline als Verschwoerungstheoretiker hingestellt Leider gibt es fast keine freie Presse mehr 	OFFENSE	OFFENSE
ver1504en Immer diese S√∂der Fanboys mit schwachen Argumenten und viel Wut √ºber Kritiker üòÉüòÉüòÉ	OFFENSE	OFFENSE
Seehofer twittert auf Arabisch Tausende demonstrieren f√ºr Grenz√∂ffnung  Die √ºblichen Berufsdemonstranten drs linken bis linksfaschistischen Spektruns Kinder und Jugendliche als ahnungslose Opfer ‚Å¶KayGottschalk1‚Å© Fluechtlingskrise  	OFFENSE	OFFENSE
Wieder einmal Bl√∂dsinn Das was Sie verbreiten hat mit seri√∂sen Journalismus nichts mehr zu tun 	OFFENSE	OFFENSE
Was reitet eigentlich den ArminLaschet CDU Oder ist das auch ein virus Laschet fordert Lockerung der Quarant√§nepflicht  	OFFENSE	OFFENSE
Kemmerichs Kinder m√ºssen unter Polizeischutz zur Schule Ehefrau wird bespuckt 	OTHER	OFFENSE
moechtegern86 StBrandner bodoramelow Die Linke ist die offizielle Nachfolge Partei der SED Die haben sich das sogar vor Gericht erstritten bodoramelow ist kein Sozialdemokrat sondern lupenreiner Kommunist 	OFFENSE	OFFENSE
Merkel und die Altparteien haben ihr sozialistisches Gesicht in Th√ºringen gezeigt Die Demokratie wurde nun endg√ºltig zu Grabe getragen Es gibt nur noch eine alternative und das ist die Alternative f√ºr Deutschland AfD 	OFFENSE	OFFENSE
+++ Wahnsinn So schotten sich die Altparteien noch weiter von den B√ºrgern ab - wir von der AfD sind und bleiben dagegen +++nurnochAfD	OFFENSE	OFFENSE
Kleine M√§dchen mit gro√üen Kulleraugen FehlanzeigeJunge M√§nner mit klarer Botschaft Alle Bullen sind Schweine wurden vom Sozialisten Asselborn in Empfang genommen Der sprach von einem sch√∂nen Tag f√ºr Luxemburg 	OFFENSE	OFFENSE
Links-gr√ºne Deutschlandhasser kochen vor Wut In meiner heutigen Rede entlarve ich die Verschlagenheit radikaler Islamverb√§nde 	OFFENSE	OFFENSE
Man braucht auch keinen linken Ministerpr√§sidenten um die Heuchelei dieser Partei zu erkennen Vorgestern verweigerte Ramelow symbolisch den Handschlag heute stimmt er pers√∂nlich f√ºr den AfD-Parlamentsvize /TM 	OFFENSE	OFFENSE
andikynast Personensch√ºtzer sollen Personen sch√ºtzen und nicht Unbeteiligte schubsen schon gar nicht wenn sie keinerlei Hoheitsrechte haben Erdogan war schon weg also nichts zu sch√ºtzen Daher ist dieser Typ ein unqualifizierter gewaltt√§tiger Amateur der sich nicht unter Kontrolle hat	OFFENSE	OFFENSE
Unglaublich unterirdische Rede von Gauland zur Th√ºringen Wahl im Bundestag noafd noNazis	OFFENSE	OFFENSE
In Istanbul stauen sich die Busse die die neue Migrantewelle an die t√ºrkische Grenze bringen Migranten welche von t√ºrk-syri Grenze kommen werden in die EU durchgewunken Darunter sind mehr als 80% aus Idlib der fallenden Hochburg der IS-Terroristen	OTHER	OFFENSE
minority stress = der Stress als Minderheit zu leben Dieser Stress kann krank machen und sozial ausgrenzen F√ºr diesen Stress ist nicht der Gestresste sondern die Gesellschaft verantwortlich die ihn aus√ºbt Eine politische Aufgabe 	OTHER	OFFENSE
PiWi2701 Frank_Pasemann Tino_Chrupalla Ralf_Stegner spdde Die_Gruenen dieLinke AfDimBundestag Was sind Sie f√ºr ein faschistoider d√ºmmlicher Schw√§tzer ohne AnstandTypen wie Sie werden in jeder Diktatur gebraucht Widerlich	OFFENSE	OFFENSE
Schei√ü Deutscher Amateur-Boxer Abud Abu auf der Stra√üe verpr√ºgelt Unfassbar T√§ter sofort abschieben 	OFFENSE	OFFENSE
lederwalze Wenn der angerichtete Schadendurch den Lockdown sichtbar wirdglaube ich nicht  dass Sie weiter sowirres Zeug faseln	OFFENSE	OFFENSE
demokratienetz wanderwitz Es ist mehr als absurd dass jemand wie Sie - der einen AfD-Hetz-Tweet nach dem anderen retweetet - einen Demokraten als Hetzer bezeichnet	OFFENSE	OFFENSE
Liebe zeitonline wie kann man gerade solche Fragen aufwerfen Ob Merkel von der Leyen oder S√∂der Spahn ob Frau oder Mann als Arzt Pfleger oder ehrenamtlicher Helfer Jeder macht seinen Job Mit Verstand Einsatz und Herz das ist was z√§hlt üëç 	OTHER	OFFENSE
MiRo_SPD Bring mich nicht auf dumme Gedanken üòÅ	OTHER	OFFENSE
Lesenswerte Analyse im libert√§ren Magazin efonline zu Hanau AfD und Medien Auff√§llig wie besonders die fr√ºher b√ºrgerliche FAZ linksgr√ºne Diffamierung verbreitet Es schreibt ein Insider Klaus Peter Krause war Ressortleiter der FrankfurterAllgemeine Erschreckend 	OFFENSE	OFFENSE
Asoziale Marktwirtschaft ‚¨áÔ∏è 	OFFENSE	OFFENSE
Nie wieder Faschismus - Die Vorsitzende der Fraktion Linksfraktion Amira_M_Ali erinnert mit diesen Worten die demokratischen Parteien an die Lehre aus der Naziherrschaft 	OTHER	OFFENSE
Irrsinn dein Name ist R√∂ttgenErdogan unterst√ºtzt ISISgreift Syrien an eindeutig gegen das V√∂lkerrecht bricht trotz Mrd‚Ç¨ von dt Steuergeldern den Fl√ºchtlingspakt und schickt illegale Migranten in Richtung EU Alles nur ein Hilferuf Irre IStandWithGreece 	OFFENSE	OFFENSE
L√ºckenpresse ARD 	OFFENSE	OFFENSE
Keine Partei wird √∂fter angegriffen als die AfDüò°Auch wir in M√ºnchen werden im Wahlkf zur Kommunalwahl massiv behindert und ausgegrenzt Plakate werden zerst√∂rt Beleidigungen an Infost√§nden sind an der TagesordnungWir bleiben starküí™	OTHER	OFFENSE
Dieser ignorante Mann hat definitiv keine Vorstellung was seit Jahren in der Region Idlib f√ºr Gr√§uel von den islamistischen Terroristen begangen wurden H√§tte er sich einmal die M√ºhe gemacht Damaskus Homs Aleppo oder das christliche Maalula zu besuchen w√ºsste er das 	OFFENSE	OFFENSE
Basta  Ein Gro√üteil meiner ital Familie lebt in Cania B√ºffelmozzarelle sind ein Traum aber Mafia ist ein Krebsgeschw√ºr Roberto Saviano hat den Zusammenhang zwischen Privatisierung Giftm√ºll und Mafia in Gomorrha geschildert Ein Land wird vergiftet 	OFFENSE	OFFENSE
Meine pers√∂nliche Erkl√§rung zu dem Abstimmungsverhalten der linksfraktion bei dem Antrag der Union ¬ªAnerkennung der von den Nationalsozialisten als ‚Ä∫Asoziale‚Äπ und ‚Ä∫Berufsverbrecher‚Äπ Verfolgten¬´ im Kulturausschuss und im Bundestag 	OFFENSE	OFFENSE
